episode_id,step_id,NAS_PATH,PROMPT,GT_AT,RESPONSE,GT_ACTION,GPT_REASON,GPT_JUDGE
5053,1,data/prm_data_examples/images/5053_1.png,Open the RAR app and decompress the file Download.RAR to the DCIM folder,"Thought: Click on the Check box of the Download.rar file
Action: click(start_box='(1001,2216)')","Thought: Let me see... I've opened the RAR app, and now I'm ready to select the file that needs to be extracted. The file named Download.rar is located at the bottom of the list. According to the task requirements, I need to click on the small checkbox box on the right side of this file. This will allow me to select it for the subsequent extraction process.
Action: click(start_box='(1010,2212)')","click(start_box='(1001,2216)')",The agent's action to click the checkbox next to 'Download.rar' aligns with the instruction to decompress this file. The action is logical and progresses directly towards achieving the goal by selecting the file for extraction.,True
992,0,data/prm_data_examples/images/992_0.png,"Open the Nyakka Fashion App, Type in a Search bar and search for QOMN White and Red Printed Top for Women.","Thought: open Nyakkafashion app
Action: open_app(app_name='NykaaFashion')","Thought: Alright, I've successfully opened the NAKKAA fashion app. The first step is to search for that specific white and red top. There's a search icon at the top of the screen, so I'll click on it to activate the search function and start looking for the item.
Action: open_app(app_name='NykaaFashion')",open_app(app_name='NykaaFashion'),The action to open the Nykaa Fashion app aligns with the instruction to search for a specific item within the app. This is the correct initial step in completing the given task.,True
15952,2,data/prm_data_examples/images/15952_2.png,"I want to upload a file germanycountryst00sols.pdf to the OneDrive app in case it gets accidentally deleted from my phone storage but remains saved on the app, so upload germanycountryst00sols.pdf to the OneDrive app.","Thought: Click on the plus icon at the top right corner of the screen to upload a file.
Action: click(start_box='(878,209)')","Thought: I need to add a new file, so let me see where the plus button is located... Oh, I've found it! There's a plus sign at the top of the interface. Clicking on it should open the upload options.
Action: click(start_box='(886,219)')","click(start_box='(878,209)')",The agent correctly identified the plus sign as the appropriate button to initiate the file upload options. The slight discrepancy between the action's coordinates and the ground truth is negligible and does not affect the correctness of the action.,True
9627,8,data/prm_data_examples/images/9627_8.png,Edit the note title: New Client Updates & Body: add CHK Ltd. & save the note in Note app,"Thought: No instruction provided.
Action: finished()","Thought: Task completed successfully. I have finished editing the client update note by changing the title to ""New Client Updates"" and adding ""CHK Ltd."" in the content section, and I just saved the changes using the save icon.
Action: finished()",finished(),"The action 'finished()' is correct as the agent successfully edited the note title and body according to the instruction, saved the changes, and verified the updated note in the screenshot.",True
947,4,data/prm_data_examples/images/947_4.png,Read the review for the SpeedCat Shield SC driving shoes so as to get confirmed about the purchase in the PUMA app,"Thought: No instruction provided.
Action: finished()","Thought: Task complete. I've read through all the reviews, which should help me make an informed decision.
Action: finished()",finished(),"The agent correctly assessed that the reviews have been accessed and read, satisfying the user's instruction. Concluding the task with the 'finished()' action is logical and appropriate in this context.",True
4929,2,data/prm_data_examples/images/4929_2.png,"I need to fix my window hinges, therefore I want to look at the details of the DKIDZ Electric Hammer Drill Machine on the DHgate app.","Thought: Swipe up to view more details of the product
Action: scroll(direction='down')","Thought: Since the product introduction page is still loading, I should wait for a moment to allow all the detailed information about this hammer drill machine to load completely. This way, I can have a comprehensive understanding of its specific features.
Action: wait()",scroll(direction='down'),"The agent's action to wait does not align with the current context or instruction. The screenshot shows that the product details page is already loaded. Instead, the agent should proceed to scroll down to view additional details and complete the task.",False
4864,0,data/prm_data_examples/images/4864_0.png,I want to check the added products in cart,"Thought: click on the cart icon at the top of the screen
Action: click(start_box='(905,205)')","Thought: To check the items I've added to my cart, I notice there's a shopping cart icon at the top of the screen, and it shows a price of ₹494. Clicking on that should take me directly to the cart page.
Action: click(start_box='(921,179)')","click(start_box='(905,205)')","The agent's thought and action are correct as per the instruction. The agent rightly identified the shopping cart icon as the means to access the cart and attempted to click it, which is logical and directly progress towards the task's goal. The discrepancy in coordinates is negligible and does not impact the outcome.",True
278,2,data/prm_data_examples/images/278_2.png,Show me the Nike Gamma Force sneakers on the Nike app.,"Thought: Scroll from right to left on the image of sneakers.
Action: scroll(direction='right')","Thought: I noticed several product images displayed on the screen. To get a better look at the details of the Gamma Force sneakers, I need to click on the first image that showcases the shoe from a different angle. This will help me see more design details and overall structure of this model.
Action: click(start_box='(546,994)')",scroll(direction='right'),"The agent's action to click on a specific image is incorrect as the instruction suggests viewing more shoe designs, which requires scrolling right, not clicking an individual image.",False
18572,2,data/prm_data_examples/images/18572_2.png,"In the YouTube app, turn on the auto-play settings so that the video can play without having to use my hands.","Thought: Click on the profile option at the top right corner of the screen.
Action: click(start_box='(1005,198)')","Thought: I’m about to enable the autoplay feature, and the first step is to locate the user settings. I noticed there's a profile picture button in the upper right corner, which serves as the gateway to all personal settings options. Let me click on it to access more choices.
Action: click(start_box='(1016,198)')","click(start_box='(1005,198)')","The agent's action to click on the profile picture button in the upper right corner is correct and logical as it aligns with the stated thought to access personal settings, which is a necessary step to locate and enable the autoplay feature.",True
13618,8,data/prm_data_examples/images/13618_8.png,Go to the RapidBox app and open the Atom Men Blue Mid Ankle Sneaker then view its information and photos.,"Thought: Click on the screen bar top of the bottom of right corner
Action: scroll(direction='down')","Thought: The task has been completed successfully! I noticed that I have successfully navigated to the detailed page for the Atom Men Blue Mid Ankle sneaker on the RapidBox app, where I can clearly view all the photos and product details.
Action: finished()",scroll(direction='down'),"The agent incorrectly concluded the task is completed. While it has navigated to the product page and viewed photos, it did not scroll down to view additional product information as required by the instruction. The correct action should have been `scroll(direction='down')` to ensure all product details are visible.",False
2928,10,data/prm_data_examples/images/2928_10.png,"Open the Todoist app and create a task for the Conference meeting at 10:00 a.m. on July 28, 2023.","Thought: Click on the Save button
Action: click(start_box='(1000,1836)')","Thought: Click on the Save button to save this task
Action: click(start_box='(955,1821)')","click(start_box='(1000,1836)')","The agent's action to click the Save button is a logical and final step in completing the task of creating a task for the Conference meeting at 10:00 AM on July 28, 2023. While the coordinates slightly differ from the ground truth, the intended button is clearly targeted, and the action aligns with accomplishing the user instruction.",True
4255,7,data/prm_data_examples/images/4255_7.png,"Open the Idanim app, I would like to listen a personalized guided meditation to help me be productive throughout the day.","Thought: Click on the play button
Action: click(start_box='(540,1140)')","Thought: Click on the play button
Action: click(start_box='(546,1142)')","click(start_box='(540,1140)')","The agent's action to click the 'Play' button is correct and logical. The button is visible on the screen, and pressing it is the next necessary step to start the meditation session, which aligns with the instruction to listen to a guided meditation.",True
10264,10,data/prm_data_examples/images/10264_10.png,"In the To Do Reminders app, I want to create a new reminder titled ""Roslyn Flower Show"" and schedule it for October 14, 2023, at 1:30 PM.","Thought: Set the hours as 1
Action: scroll(direction='up')","Thought: Set the hours as 1
Action: scroll(direction='up')",scroll(direction='up'),"The action of scrolling up aligns with the agent's stated goal of setting the hours to 1. The current screenshot shows the hour is currently at 4, and scrolling up is a logical step towards reaching the desired hour value.",True
6675,4,data/prm_data_examples/images/6675_4.png,Open the Note app and edit the title of Game note to Basketball,"Thought: click on save icon
Action: click(start_box='(873,375)')","Thought: click on save button at the top of the screen to save changes
Action: click(start_box='(869,376)')","click(start_box='(873,375)')",The agent's thought to click the save button to save the changes is correct and logical. The action is consistent with the instruction and progresses towards completing the task successfully.,True
5634,3,data/prm_data_examples/images/5634_3.png,I want to send the Trip Destination pdf to Thomas123@gmail.com via the Gmail app.,"Thought: Click on the gmail option
Action: wait()","Thought: It seems that there is an issue with the Gmail app that requires some additional setup to proceed. However, rather than waiting for the issue to be resolved here, I might as well start by entering Thomas123@gmail.com directly into the ""To"" field as my recipient's address. Even if the app isn't functioning correctly, typing in the email address should at least allow me to confirm that I've entered it correctly. This way, at the very least, I'll know whether I've made any mistakes.
Action: finished()",wait(),"The agent prematurely ended the task with a 'finished()' action instead of addressing the system dialog prompt that requires 'Cancel' or 'Take action' to proceed. This leads to no progress in achieving the instruction, as the agent did not handle the obstacle nor attempted to wait for the Gmail app's functionality to resolve.",False
1033,3,data/prm_data_examples/images/1033_3.png,"In the Flo app, Read the stories of other pregnant women to get inspiration from other women's experiences.","Thought: Scroll up to view the more stories of other women's pregnant
Action: scroll(direction='down')","Thought: I found this sharing session truly inspiring, and by browsing through a few comments, I gathered some perspective on their journey. The experience is drawing to a close, so I think it’s time to wrap up this read.
Action: finished()",scroll(direction='down'),"The agent prematurely concluded the task with the 'finished()' action despite the instruction requiring it to continue reading stories and gather inspiration. The current screen still provides additional comments and content to scroll through, indicating the need for further exploration (e.g., 'scroll(direction=down)').",False
